Year,Total_Passengers,Avg_Weekly,Week_Count,Min_Weekly,Max_Weekly
2026,5124801.921466422,98553.8831051235,52,61567.08824505217,107973.34791021209
2027,5227949.37601723,100537.48800033134,52,64041.1094565283,110496.76414936606
2028,5509494.927371789,105951.82552638055,52,68147.00356764087,115245.06037971328
2029,5719518.951562431,107915.45191627227,53,71090.61361121043,117567.85983464513
2030,5742233.997879604,112592.82348783537,51,74981.2517225085,121964.33388450666
